domain,shd_mean,shd_std,intervention_accuracy,counterfactual_consistency,n
economics,1.000000,0.000000,0.503333,0.510000,30
medical,1.366667,0.604612,0.643333,0.696667,30
policy,1.133333,0.426875,0.565000,0.585000,30